Workbook

Sheet Forecasts (Colab)
A1: Week | B1: Actual | C1: Naive | D1: Seasonal Naive (52w) | E1: Moving Avg (4w) | F1: SES alpha=0.3 | G1: SES alpha=0.6 | H1: Holt-Winters (damped, 52w) | I1: Trend + Event regression
A2: 46118 | B2: 251658 | C2: 203370 | D2: 225104 | E2: 209795.75 | F2: 209920.92 | G2: 205113.13 | H2: 221566.06 | I2: 227314.94
A3: 46125 | B3: 237494 | C3: 203370 | D3: 244761 | E3: 209795.75 | F3: 209920.92 | G3: 205113.13 | H3: 219395.19 | I3: 227260.03
A4: 46132 | B4: 258321 | C4: 203370 | D4: 212389 | E4: 209795.75 | F4: 209920.92 | G4: 205113.13 | H4: 226799.16 | I4: 227205.13
A5: 46139 | B5: 251383 | C5: 203370 | D5: 207401 | E5: 209795.75 | F5: 209920.92 | G5: 205113.13 | H5: 213639.46 | I5: 227150.23
A6: 46146 | B6: 251780 | C6: 203370 | D6: 217028 | E6: 209795.75 | F6: 209920.92 | G6: 205113.13 | H6: 251455.01 | I6: 227095.32
A7: 46153 | B7: 227791 | C7: 203370 | D7: 225701 | E7: 209795.75 | F7: 209920.92 | G7: 205113.13 | H7: 250015.06 | I7: 227040.42
A8: 46160 | B8: 235851 | C8: 203370 | D8: 264702 | E8: 209795.75 | F8: 209920.92 | G8: 205113.13 | H8: 232911.63 | I8: 226985.51
A9: 46167 | B9: 226984 | C9: 203370 | D9: 250106 | E9: 209795.75 | F9: 209920.92 | G9: 205113.13 | H9: 240671.05 | I9: 226930.61
A10: 46174 | B10: 228910 | C10: 203370 | D10: 223922 | E10: 209795.75 | F10: 209920.92 | G10: 205113.13 | H10: 236388.32 | I10: 226875.71
A11: 46181 | B11: 228163 | C11: 203370 | D11: 219537 | E11: 209795.75 | F11: 209920.92 | G11: 205113.13 | H11: 232420.37 | I11: 226820.8
A12: 46188 | B12: 229601 | C12: 203370 | D12: 219614 | E12: 209795.75 | F12: 209920.92 | G12: 205113.13 | H12: 254557.11 | I12: 226765.9
A13: 46195 | B13: 233146 | C13: 203370 | D13: 220538 | E13: 209795.75 | F13: 209920.92 | G13: 205113.13 | H13: 255938.42 | I13: 226711
A15: I choose Holt's winter because my Crude oil demand is seasonal, other models fail to capture the seasonality of the demand but holt-winter's captures it better than others
A17: Event+regression is biased towards underforecasts which is extremely bad for the Oil demand and the entire sector

Sheet Holt-Winters
A1: Week | B1: Actual | C1: Holt-Winters (damped, 52w) | D1: Error | E1: ABS ERROR | F1: %Error | G1: Error^2 | H1: Running RSFE
A2: ='Forecasts (Colab)'!A2 -> 46118 | B2: ='Forecasts (Colab)'!B2 -> 251658 | C2: ='Forecasts (Colab)'!H2 -> 221566.06 | D2: =B2-C2 -> 30091.944 | E2: =ABS(D2) -> 30091.944 | F2: =E2/B2 -> 0.11957476 | G2: =D2^2 -> 9.055251e+08 | H2: =SUM($D$2:D2) -> 30091.944
A3: ='Forecasts (Colab)'!A3 -> 46125 | B3: ='Forecasts (Colab)'!B3 -> 237494 | C3: ='Forecasts (Colab)'!H3 -> 219395.19 | D3: =B3-C3 -> 18098.812 | E3: =ABS(D3) -> 18098.812 | F3: =E3/B3 -> 0.076207452 | G3: =D3^2 -> 3.2756701e+08 | H3: =SUM($D$2:D3) -> 48190.757
A4: ='Forecasts (Colab)'!A4 -> 46132 | B4: ='Forecasts (Colab)'!B4 -> 258321 | C4: ='Forecasts (Colab)'!H4 -> 226799.16 | D4: =B4-C4 -> 31521.841 | E4: =ABS(D4) -> 31521.841 | F4: =E4/B4 -> 0.12202586 | G4: =D4^2 -> 9.9362646e+08 | H4: =SUM($D$2:D4) -> 79712.598
A5: ='Forecasts (Colab)'!A5 -> 46139 | B5: ='Forecasts (Colab)'!B5 -> 251383 | C5: ='Forecasts (Colab)'!H5 -> 213639.46 | D5: =B5-C5 -> 37743.536 | E5: =ABS(D5) -> 37743.536 | F5: =E5/B5 -> 0.15014355 | G5: =D5^2 -> 1.4245745e+09 | H5: =SUM($D$2:D5) -> 117456.13
A6: ='Forecasts (Colab)'!A6 -> 46146 | B6: ='Forecasts (Colab)'!B6 -> 251780 | C6: ='Forecasts (Colab)'!H6 -> 251455.01 | D6: =B6-C6 -> 324.98663 | E6: =ABS(D6) -> 324.98663 | F6: =E6/B6 -> 0.0012907564 | G6: =D6^2 -> 105616.31 | H6: =SUM($D$2:D6) -> 117781.12
A7: ='Forecasts (Colab)'!A7 -> 46153 | B7: ='Forecasts (Colab)'!B7 -> 227791 | C7: ='Forecasts (Colab)'!H7 -> 250015.06 | D7: =B7-C7 -> -22224.06 | E7: =ABS(D7) -> 22224.06 | F7: =E7/B7 -> 0.097563381 | G7: =D7^2 -> 4.9390885e+08 | H7: =SUM($D$2:D7) -> 95557.06
A8: ='Forecasts (Colab)'!A8 -> 46160 | B8: ='Forecasts (Colab)'!B8 -> 235851 | C8: ='Forecasts (Colab)'!H8 -> 232911.63 | D8: =B8-C8 -> 2939.3716 | E8: =ABS(D8) -> 2939.3716 | F8: =E8/B8 -> 0.012462833 | G8: =D8^2 -> 8639905.4 | H8: =SUM($D$2:D8) -> 98496.432
A9: ='Forecasts (Colab)'!A9 -> 46167 | B9: ='Forecasts (Colab)'!B9 -> 226984 | C9: ='Forecasts (Colab)'!H9 -> 240671.05 | D9: =B9-C9 -> -13687.051 | E9: =ABS(D9) -> 13687.051 | F9: =E9/B9 -> 0.060299627 | G9: =D9^2 -> 1.8733535e+08 | H9: =SUM($D$2:D9) -> 84809.381
A10: ='Forecasts (Colab)'!A10 -> 46174 | B10: ='Forecasts (Colab)'!B10 -> 228910 | C10: ='Forecasts (Colab)'!H10 -> 236388.32 | D10: =B10-C10 -> -7478.3172 | E10: =ABS(D10) -> 7478.3172 | F10: =E10/B10 -> 0.032669247 | G10: =D10^2 -> 55925228 | H10: =SUM($D$2:D10) -> 77331.064
A11: ='Forecasts (Colab)'!A11 -> 46181 | B11: ='Forecasts (Colab)'!B11 -> 228163 | C11: ='Forecasts (Colab)'!H11 -> 232420.37 | D11: =B11-C11 -> -4257.3719 | E11: =ABS(D11) -> 4257.3719 | F11: =E11/B11 -> 0.018659344 | G11: =D11^2 -> 18125216 | H11: =SUM($D$2:D11) -> 73073.692
A12: ='Forecasts (Colab)'!A12 -> 46188 | B12: ='Forecasts (Colab)'!B12 -> 229601 | C12: ='Forecasts (Colab)'!H12 -> 254557.11 | D12: =B12-C12 -> -24956.105 | E12: =ABS(D12) -> 24956.105 | F12: =E12/B12 -> 0.10869336 | G12: =D12^2 -> 6.2280718e+08 | H12: =SUM($D$2:D12) -> 48117.587
A13: ='Forecasts (Colab)'!A13 -> 46195 | B13: ='Forecasts (Colab)'!B13 -> 233146 | C13: ='Forecasts (Colab)'!H13 -> 255938.42 | D13: =B13-C13 -> -22792.415 | E13: =ABS(D13) -> 22792.415 | F13: =E13/B13 -> 0.097760268 | G13: =D13^2 -> 5.194942e+08 | H13: =SUM($D$2:D13) -> 25325.172
A16: MAD | B16: =AVERAGE(E2:E13) -> 18009.651
A17: MAPE | B17: =AVERAGE(F2:F13) -> 0.074779203
A18: RMSE | B18: =SQRT(AVERAGE(G2:G13)) -> 21520.6
A19: WAPE | B19: =SUM(E2:E13)/SUM(B2:B13) -> 0.075536392
A20: Bias | B20: =AVERAGE(D2:D13) -> 2110.431
A21: RSFE | B21: =SUM(D2:D13) -> 25325.172
A22: Tracking Signal | B22: =B21/B16 -> 1.4062

Sheet Naive
A1: Week | B1: Actual | C1: Naive | D1: Error | E1: ABS ERROR | F1: %Error | G1: Error^2 | H1: Running RSFE
A2: 46118 | B2: 251658 | C2: 203370 | D2: =B2-C2 -> 48288 | E2: =ABS(D2) -> 48288 | F2: =E2/B2 -> 0.19187946 | G2: =D2^2 -> 2331730944 | H2: =SUM($D$2:D2) -> 48288
A3: 46125 | B3: 237494 | C3: 203370 | D3: =B3-C3 -> 34124 | E3: =ABS(D3) -> 34124 | F3: =E3/B3 -> 0.14368363 | G3: =D3^2 -> 1164447376 | H3: =SUM($D$2:D3) -> 82412
A4: 46132 | B4: 258321 | C4: 203370 | D4: =B4-C4 -> 54951 | E4: =ABS(D4) -> 54951 | F4: =E4/B4 -> 0.2127237 | G4: =D4^2 -> 3019612401 | H4: =SUM($D$2:D4) -> 137363
A5: 46139 | B5: 251383 | C5: 203370 | D5: =B5-C5 -> 48013 | E5: =ABS(D5) -> 48013 | F5: =E5/B5 -> 0.19099541 | G5: =D5^2 -> 2305248169 | H5: =SUM($D$2:D5) -> 185376
A6: 46146 | B6: 251780 | C6: 203370 | D6: =B6-C6 -> 48410 | E6: =ABS(D6) -> 48410 | F6: =E6/B6 -> 0.19227103 | G6: =D6^2 -> 2343528100 | H6: =SUM($D$2:D6) -> 233786
A7: 46153 | B7: 227791 | C7: 203370 | D7: =B7-C7 -> 24421 | E7: =ABS(D7) -> 24421 | F7: =E7/B7 -> 0.10720792 | G7: =D7^2 -> 596385241 | H7: =SUM($D$2:D7) -> 258207
A8: 46160 | B8: 235851 | C8: 203370 | D8: =B8-C8 -> 32481 | E8: =ABS(D8) -> 32481 | F8: =E8/B8 -> 0.13771831 | G8: =D8^2 -> 1055015361 | H8: =SUM($D$2:D8) -> 290688
A9: 46167 | B9: 226984 | C9: 203370 | D9: =B9-C9 -> 23614 | E9: =ABS(D9) -> 23614 | F9: =E9/B9 -> 0.10403376 | G9: =D9^2 -> 557620996 | H9: =SUM($D$2:D9) -> 314302
A10: 46174 | B10: 228910 | C10: 203370 | D10: =B10-C10 -> 25540 | E10: =ABS(D10) -> 25540 | F10: =E10/B10 -> 0.11157223 | G10: =D10^2 -> 652291600 | H10: =SUM($D$2:D10) -> 339842
A11: 46181 | B11: 228163 | C11: 203370 | D11: =B11-C11 -> 24793 | E11: =ABS(D11) -> 24793 | F11: =E11/B11 -> 0.10866354 | G11: =D11^2 -> 614692849 | H11: =SUM($D$2:D11) -> 364635
A12: 46188 | B12: 229601 | C12: 203370 | D12: =B12-C12 -> 26231 | E12: =ABS(D12) -> 26231 | F12: =E12/B12 -> 0.11424602 | G12: =D12^2 -> 688065361 | H12: =SUM($D$2:D12) -> 390866
A13: 46195 | B13: 233146 | C13: 203370 | D13: =B13-C13 -> 29776 | E13: =ABS(D13) -> 29776 | F13: =E13/B13 -> 0.12771396 | G13: =D13^2 -> 886610176 | H13: =SUM($D$2:D13) -> 420642
A16: MAD | B16: =AVERAGE(E2:E13) -> 35053.5
A17: MAPE | B17: =AVERAGE(F2:F13) -> 0.14522575
A18: RMSE | B18: =SQRT(AVERAGE(G2:G13)) -> 36759.634
A19: WAPE | B19: =SUM(E2:E13)/SUM(B2:B13) -> 0.147022
A20: Bias | B20: =AVERAGE(D2:D13) -> 35053.5
A21: RSFE | B21: =SUM(D2:D13) -> 420642
A22: Tracking Signal | B22: =B21/B16 -> 12

Sheet Trend Event Reg
A1: Week | B1: Actual | C1: Trend + Event regression | D1: Error | E1: ABS ERROR | F1: %Error | G1: Error^2 | H1: Running RSFE
A2: ='Forecasts (Colab)'!A2 -> 46118 | B2: ='Forecasts (Colab)'!B2 -> 251658 | C2: ='Forecasts (Colab)'!I2 -> 227314.94 | D2: =B2-C2 -> 24343.062 | E2: =ABS(D2) -> 24343.062 | F2: =E2/B2 -> 0.096730731 | G2: =D2^2 -> 5.9258468e+08 | H2: =SUM($D$2:D2) -> 24343.062
A3: ='Forecasts (Colab)'!A3 -> 46125 | B3: ='Forecasts (Colab)'!B3 -> 237494 | C3: ='Forecasts (Colab)'!I3 -> 227260.03 | D3: =B3-C3 -> 10233.966 | E3: =ABS(D3) -> 10233.966 | F3: =E3/B3 -> 0.043091472 | G3: =D3^2 -> 1.0473406e+08 | H3: =SUM($D$2:D3) -> 34577.028
A4: ='Forecasts (Colab)'!A4 -> 46132 | B4: ='Forecasts (Colab)'!B4 -> 258321 | C4: ='Forecasts (Colab)'!I4 -> 227205.13 | D4: =B4-C4 -> 31115.87 | E4: =ABS(D4) -> 31115.87 | F4: =E4/B4 -> 0.12045428 | G4: =D4^2 -> 9.6819736e+08 | H4: =SUM($D$2:D4) -> 65692.898
A5: ='Forecasts (Colab)'!A5 -> 46139 | B5: ='Forecasts (Colab)'!B5 -> 251383 | C5: ='Forecasts (Colab)'!I5 -> 227150.23 | D5: =B5-C5 -> 24232.774 | E5: =ABS(D5) -> 24232.774 | F5: =E5/B5 -> 0.096397822 | G5: =D5^2 -> 5.8722732e+08 | H5: =SUM($D$2:D5) -> 89925.672
A6: ='Forecasts (Colab)'!A6 -> 46146 | B6: ='Forecasts (Colab)'!B6 -> 251780 | C6: ='Forecasts (Colab)'!I6 -> 227095.32 | D6: =B6-C6 -> 24684.677 | E6: =ABS(D6) -> 24684.677 | F6: =E6/B6 -> 0.09804066 | G6: =D6^2 -> 6.093333e+08 | H6: =SUM($D$2:D6) -> 114610.35
A7: ='Forecasts (Colab)'!A7 -> 46153 | B7: ='Forecasts (Colab)'!B7 -> 227791 | C7: ='Forecasts (Colab)'!I7 -> 227040.42 | D7: =B7-C7 -> 750.58124 | E7: =ABS(D7) -> 750.58124 | F7: =E7/B7 -> 0.0032950435 | G7: =D7^2 -> 563372.2 | H7: =SUM($D$2:D7) -> 115360.93
A8: ='Forecasts (Colab)'!A8 -> 46160 | B8: ='Forecasts (Colab)'!B8 -> 235851 | C8: ='Forecasts (Colab)'!I8 -> 226985.51 | D8: =B8-C8 -> 8865.485 | E8: =ABS(D8) -> 8865.485 | F8: =E8/B8 -> 0.037589347 | G8: =D8^2 -> 78596825 | H8: =SUM($D$2:D8) -> 124226.42
A9: ='Forecasts (Colab)'!A9 -> 46167 | B9: ='Forecasts (Colab)'!B9 -> 226984 | C9: ='Forecasts (Colab)'!I9 -> 226930.61 | D9: =B9-C9 -> 53.388799 | E9: =ABS(D9) -> 53.388799 | F9: =E9/B9 -> 0.00023520953 | G9: =D9^2 -> 2850.3639 | H9: =SUM($D$2:D9) -> 124279.8
A10: ='Forecasts (Colab)'!A10 -> 46174 | B10: ='Forecasts (Colab)'!B10 -> 228910 | C10: ='Forecasts (Colab)'!I10 -> 226875.71 | D10: =B10-C10 -> 2034.2926 | E10: =ABS(D10) -> 2034.2926 | F10: =E10/B10 -> 0.0088868664 | G10: =D10^2 -> 4138346.3 | H10: =SUM($D$2:D10) -> 126314.1
A11: ='Forecasts (Colab)'!A11 -> 46181 | B11: ='Forecasts (Colab)'!B11 -> 228163 | C11: ='Forecasts (Colab)'!I11 -> 226820.8 | D11: =B11-C11 -> 1342.1964 | E11: =ABS(D11) -> 1342.1964 | F11: =E11/B11 -> 0.0058826206 | G11: =D11^2 -> 1801491.1 | H11: =SUM($D$2:D11) -> 127656.29
A12: ='Forecasts (Colab)'!A12 -> 46188 | B12: ='Forecasts (Colab)'!B12 -> 229601 | C12: ='Forecasts (Colab)'!I12 -> 226765.9 | D12: =B12-C12 -> 2835.1001 | E12: =ABS(D12) -> 2835.1001 | F12: =E12/B12 -> 0.012347943 | G12: =D12^2 -> 8037792.8 | H12: =SUM($D$2:D12) -> 130491.39
A13: ='Forecasts (Colab)'!A13 -> 46195 | B13: ='Forecasts (Colab)'!B13 -> 233146 | C13: ='Forecasts (Colab)'!I13 -> 226711 | D13: =B13-C13 -> 6435.0039 | E13: =ABS(D13) -> 6435.0039 | F13: =E13/B13 -> 0.027600748 | G13: =D13^2 -> 41409275 | H13: =SUM($D$2:D13) -> 136926.4
A16: MAD | B16: =AVERAGE(E2:E13) -> 11410.533
A17: MAPE | B17: =AVERAGE(F2:F13) -> 0.045879395
A18: RMSE | B18: =SQRT(AVERAGE(G2:G13)) -> 15802.496
A19: WAPE | B19: =SUM(E2:E13)/SUM(B2:B13) -> 0.047858257
A20: Bias | B20: =AVERAGE(D2:D13) -> 11410.533
A21: RSFE | B21: =SUM(D2:D13) -> 136926.4
A22: Tracking Signal | B22: =B21/B16 -> 12

Sheet SES alpha 0.6
A1: Week | B1: Actual | C1: SES alpha=0.6 | D1: Error | E1: ABS ERROR | F1: %Error | G1: Error^2 | H1: Running RSFE
A2: ='Forecasts (Colab)'!A2 -> 46118 | B2: ='Forecasts (Colab)'!B2 -> 251658 | C2: ='Forecasts (Colab)'!G2 -> 205113.13 | D2: =B2-C2 -> 46544.872 | E2: =ABS(D2) -> 46544.872 | F2: =E2/B2 -> 0.18495288 | G2: =D2^2 -> 2.1664251e+09 | H2: =SUM($D$2:D2) -> 46544.872
A3: ='Forecasts (Colab)'!A3 -> 46125 | B3: ='Forecasts (Colab)'!B3 -> 237494 | C3: ='Forecasts (Colab)'!G3 -> 205113.13 | D3: =B3-C3 -> 32380.872 | E3: =ABS(D3) -> 32380.872 | F3: =E3/B3 -> 0.13634396 | G3: =D3^2 -> 1.0485209e+09 | H3: =SUM($D$2:D3) -> 78925.743
A4: ='Forecasts (Colab)'!A4 -> 46132 | B4: ='Forecasts (Colab)'!B4 -> 258321 | C4: ='Forecasts (Colab)'!G4 -> 205113.13 | D4: =B4-C4 -> 53207.872 | E4: =ABS(D4) -> 53207.872 | F4: =E4/B4 -> 0.20597579 | G4: =D4^2 -> 2.8310776e+09 | H4: =SUM($D$2:D4) -> 132133.62
A5: ='Forecasts (Colab)'!A5 -> 46139 | B5: ='Forecasts (Colab)'!B5 -> 251383 | C5: ='Forecasts (Colab)'!G5 -> 205113.13 | D5: =B5-C5 -> 46269.872 | E5: =ABS(D5) -> 46269.872 | F5: =E5/B5 -> 0.18406126 | G5: =D5^2 -> 2.140901e+09 | H5: =SUM($D$2:D5) -> 178403.49
A6: ='Forecasts (Colab)'!A6 -> 46146 | B6: ='Forecasts (Colab)'!B6 -> 251780 | C6: ='Forecasts (Colab)'!G6 -> 205113.13 | D6: =B6-C6 -> 46666.872 | E6: =ABS(D6) -> 46666.872 | F6: =E6/B6 -> 0.18534781 | G6: =D6^2 -> 2.1777969e+09 | H6: =SUM($D$2:D6) -> 225070.36
A7: ='Forecasts (Colab)'!A7 -> 46153 | B7: ='Forecasts (Colab)'!B7 -> 227791 | C7: ='Forecasts (Colab)'!G7 -> 205113.13 | D7: =B7-C7 -> 22677.872 | E7: =ABS(D7) -> 22677.872 | F7: =E7/B7 -> 0.099555609 | G7: =D7^2 -> 5.1428587e+08 | H7: =SUM($D$2:D7) -> 247748.23
A8: ='Forecasts (Colab)'!A8 -> 46160 | B8: ='Forecasts (Colab)'!B8 -> 235851 | C8: ='Forecasts (Colab)'!G8 -> 205113.13 | D8: =B8-C8 -> 30737.872 | E8: =ABS(D8) -> 30737.872 | F8: =E8/B8 -> 0.1303275 | G8: =D8^2 -> 9.4481676e+08 | H8: =SUM($D$2:D8) -> 278486.1
A9: ='Forecasts (Colab)'!A9 -> 46167 | B9: ='Forecasts (Colab)'!B9 -> 226984 | C9: ='Forecasts (Colab)'!G9 -> 205113.13 | D9: =B9-C9 -> 21870.872 | E9: =ABS(D9) -> 21870.872 | F9: =E9/B9 -> 0.096354244 | G9: =D9^2 -> 4.7833503e+08 | H9: =SUM($D$2:D9) -> 300356.97
A10: ='Forecasts (Colab)'!A10 -> 46174 | B10: ='Forecasts (Colab)'!B10 -> 228910 | C10: ='Forecasts (Colab)'!G10 -> 205113.13 | D10: =B10-C10 -> 23796.872 | E10: =ABS(D10) -> 23796.872 | F10: =E10/B10 -> 0.10395733 | G10: =D10^2 -> 5.662911e+08 | H10: =SUM($D$2:D10) -> 324153.85
A11: ='Forecasts (Colab)'!A11 -> 46181 | B11: ='Forecasts (Colab)'!B11 -> 228163 | C11: ='Forecasts (Colab)'!G11 -> 205113.13 | D11: =B11-C11 -> 23049.872 | E11: =ABS(D11) -> 23049.872 | F11: =E11/B11 -> 0.10102371 | G11: =D11^2 -> 5.3129659e+08 | H11: =SUM($D$2:D11) -> 347203.72
A12: ='Forecasts (Colab)'!A12 -> 46188 | B12: ='Forecasts (Colab)'!B12 -> 229601 | C12: ='Forecasts (Colab)'!G12 -> 205113.13 | D12: =B12-C12 -> 24487.872 | E12: =ABS(D12) -> 24487.872 | F12: =E12/B12 -> 0.10665403 | G12: =D12^2 -> 5.9965586e+08 | H12: =SUM($D$2:D12) -> 371691.59
A13: ='Forecasts (Colab)'!A13 -> 46195 | B13: ='Forecasts (Colab)'!B13 -> 233146 | C13: ='Forecasts (Colab)'!G13 -> 205113.13 | D13: =B13-C13 -> 28032.872 | E13: =ABS(D13) -> 28032.872 | F13: =E13/B13 -> 0.12023741 | G13: =D13^2 -> 7.858419e+08 | H13: =SUM($D$2:D13) -> 399724.46
A16: MAD | B16: =AVERAGE(E2:E13) -> 33310.372
A17: MAPE | B17: =AVERAGE(F2:F13) -> 0.13789929
A18: RMSE | B18: =SQRT(AVERAGE(G2:G13)) -> 35101.335
A19: WAPE | B19: =SUM(E2:E13)/SUM(B2:B13) -> 0.13971094
A20: Bias | B20: =AVERAGE(D2:D13) -> 33310.372
A21: RSFE | B21: =SUM(D2:D13) -> 399724.46
A22: Tracking Signal | B22: =B21/B16 -> 12

Sheet SES alpha 0.3
A1: Week | B1: Actual | C1: SES alpha=0.3 | D1: Error | E1: ABS ERROR | F1: %Error | G1: Error^2 | H1: Running RSFE
A2: ='Forecasts (Colab)'!A2 -> 46118 | B2: ='Forecasts (Colab)'!B2 -> 251658 | C2: ='Forecasts (Colab)'!F2 -> 209920.92 | D2: =B2-C2 -> 41737.077 | E2: =ABS(D2) -> 41737.077 | F2: =E2/B2 -> 0.1658484 | G2: =D2^2 -> 1.7419836e+09 | H2: =SUM($D$2:D2) -> 41737.077
A3: ='Forecasts (Colab)'!A3 -> 46125 | B3: ='Forecasts (Colab)'!B3 -> 237494 | C3: ='Forecasts (Colab)'!F3 -> 209920.92 | D3: =B3-C3 -> 27573.077 | E3: =ABS(D3) -> 27573.077 | F3: =E3/B3 -> 0.1161001 | G3: =D3^2 -> 7.6027458e+08 | H3: =SUM($D$2:D3) -> 69310.154
A4: ='Forecasts (Colab)'!A4 -> 46132 | B4: ='Forecasts (Colab)'!B4 -> 258321 | C4: ='Forecasts (Colab)'!F4 -> 209920.92 | D4: =B4-C4 -> 48400.077 | E4: =ABS(D4) -> 48400.077 | F4: =E4/B4 -> 0.18736408 | G4: =D4^2 -> 2.3425675e+09 | H4: =SUM($D$2:D4) -> 117710.23
A5: ='Forecasts (Colab)'!A5 -> 46139 | B5: ='Forecasts (Colab)'!B5 -> 251383 | C5: ='Forecasts (Colab)'!F5 -> 209920.92 | D5: =B5-C5 -> 41462.077 | E5: =ABS(D5) -> 41462.077 | F5: =E5/B5 -> 0.16493588 | G5: =D5^2 -> 1.7191038e+09 | H5: =SUM($D$2:D5) -> 159172.31
A6: ='Forecasts (Colab)'!A6 -> 46146 | B6: ='Forecasts (Colab)'!B6 -> 251780 | C6: ='Forecasts (Colab)'!F6 -> 209920.92 | D6: =B6-C6 -> 41859.077 | E6: =ABS(D6) -> 41859.077 | F6: =E6/B6 -> 0.16625259 | G6: =D6^2 -> 1.7521823e+09 | H6: =SUM($D$2:D6) -> 201031.39
A7: ='Forecasts (Colab)'!A7 -> 46153 | B7: ='Forecasts (Colab)'!B7 -> 227791 | C7: ='Forecasts (Colab)'!F7 -> 209920.92 | D7: =B7-C7 -> 17870.077 | E7: =ABS(D7) -> 17870.077 | F7: =E7/B7 -> 0.078449443 | G7: =D7^2 -> 3.1933965e+08 | H7: =SUM($D$2:D7) -> 218901.46
A8: ='Forecasts (Colab)'!A8 -> 46160 | B8: ='Forecasts (Colab)'!B8 -> 235851 | C8: ='Forecasts (Colab)'!F8 -> 209920.92 | D8: =B8-C8 -> 25930.077 | E8: =ABS(D8) -> 25930.077 | F8: =E8/B8 -> 0.10994262 | G8: =D8^2 -> 6.7236889e+08 | H8: =SUM($D$2:D8) -> 244831.54
A9: ='Forecasts (Colab)'!A9 -> 46167 | B9: ='Forecasts (Colab)'!B9 -> 226984 | C9: ='Forecasts (Colab)'!F9 -> 209920.92 | D9: =B9-C9 -> 17063.077 | E9: =ABS(D9) -> 17063.077 | F9: =E9/B9 -> 0.075173039 | G9: =D9^2 -> 2.911486e+08 | H9: =SUM($D$2:D9) -> 261894.62
A10: ='Forecasts (Colab)'!A10 -> 46174 | B10: ='Forecasts (Colab)'!B10 -> 228910 | C10: ='Forecasts (Colab)'!F10 -> 209920.92 | D10: =B10-C10 -> 18989.077 | E10: =ABS(D10) -> 18989.077 | F10: =E10/B10 -> 0.082954336 | G10: =D10^2 -> 3.6058505e+08 | H10: =SUM($D$2:D10) -> 280883.69
A11: ='Forecasts (Colab)'!A11 -> 46181 | B11: ='Forecasts (Colab)'!B11 -> 228163 | C11: ='Forecasts (Colab)'!F11 -> 209920.92 | D11: =B11-C11 -> 18242.077 | E11: =ABS(D11) -> 18242.077 | F11: =E11/B11 -> 0.079951951 | G11: =D11^2 -> 3.3277337e+08 | H11: =SUM($D$2:D11) -> 299125.77
A12: ='Forecasts (Colab)'!A12 -> 46188 | B12: ='Forecasts (Colab)'!B12 -> 229601 | C12: ='Forecasts (Colab)'!F12 -> 209920.92 | D12: =B12-C12 -> 19680.077 | E12: =ABS(D12) -> 19680.077 | F12: =E12/B12 -> 0.085714248 | G12: =D12^2 -> 3.8730543e+08 | H12: =SUM($D$2:D12) -> 318805.85
A13: ='Forecasts (Colab)'!A13 -> 46195 | B13: ='Forecasts (Colab)'!B13 -> 233146 | C13: ='Forecasts (Colab)'!F13 -> 209920.92 | D13: =B13-C13 -> 23225.077 | E13: =ABS(D13) -> 23225.077 | F13: =E13/B13 -> 0.099616022 | G13: =D13^2 -> 5.394042e+08 | H13: =SUM($D$2:D13) -> 342030.92
A16: MAD | B16: =AVERAGE(E2:E13) -> 28502.577
A17: MAPE | B17: =AVERAGE(F2:F13) -> 0.11769189
A18: RMSE | B18: =SQRT(AVERAGE(G2:G13)) -> 30576.457
A19: WAPE | B19: =SUM(E2:E13)/SUM(B2:B13) -> 0.11954601
A20: Bias | B20: =AVERAGE(D2:D13) -> 28502.577
A21: RSFE | B21: =SUM(D2:D13) -> 342030.92
A22: Tracking Signal | B22: =B21/B16 -> 12

Sheet Moving Avg 4w
A1: Week | B1: Actual | C1: Moving Avg (4w) | D1: Error | E1: ABS ERROR | F1: %Error | G1: Error^2 | H1: Running RSFE
A2: ='Forecasts (Colab)'!A2 -> 46118 | B2: ='Forecasts (Colab)'!B2 -> 251658 | C2: ='Forecasts (Colab)'!E2 -> 209795.75 | D2: =B2-C2 -> 41862.25 | E2: =ABS(D2) -> 41862.25 | F2: =E2/B2 -> 0.16634579 | G2: =D2^2 -> 1.752448e+09 | H2: =SUM($D$2:D2) -> 41862.25
A3: ='Forecasts (Colab)'!A3 -> 46125 | B3: ='Forecasts (Colab)'!B3 -> 237494 | C3: ='Forecasts (Colab)'!E3 -> 209795.75 | D3: =B3-C3 -> 27698.25 | E3: =ABS(D3) -> 27698.25 | F3: =E3/B3 -> 0.11662716 | G3: =D3^2 -> 7.6719305e+08 | H3: =SUM($D$2:D3) -> 69560.5
A4: ='Forecasts (Colab)'!A4 -> 46132 | B4: ='Forecasts (Colab)'!B4 -> 258321 | C4: ='Forecasts (Colab)'!E4 -> 209795.75 | D4: =B4-C4 -> 48525.25 | E4: =ABS(D4) -> 48525.25 | F4: =E4/B4 -> 0.18784865 | G4: =D4^2 -> 2.3546999e+09 | H4: =SUM($D$2:D4) -> 118085.75
A5: ='Forecasts (Colab)'!A5 -> 46139 | B5: ='Forecasts (Colab)'!B5 -> 251383 | C5: ='Forecasts (Colab)'!E5 -> 209795.75 | D5: =B5-C5 -> 41587.25 | E5: =ABS(D5) -> 41587.25 | F5: =E5/B5 -> 0.16543382 | G5: =D5^2 -> 1.7294994e+09 | H5: =SUM($D$2:D5) -> 159673
A6: ='Forecasts (Colab)'!A6 -> 46146 | B6: ='Forecasts (Colab)'!B6 -> 251780 | C6: ='Forecasts (Colab)'!E6 -> 209795.75 | D6: =B6-C6 -> 41984.25 | E6: =ABS(D6) -> 41984.25 | F6: =E6/B6 -> 0.16674974 | G6: =D6^2 -> 1.7626772e+09 | H6: =SUM($D$2:D6) -> 201657.25
A7: ='Forecasts (Colab)'!A7 -> 46153 | B7: ='Forecasts (Colab)'!B7 -> 227791 | C7: ='Forecasts (Colab)'!E7 -> 209795.75 | D7: =B7-C7 -> 17995.25 | E7: =ABS(D7) -> 17995.25 | F7: =E7/B7 -> 0.078998951 | G7: =D7^2 -> 3.2382902e+08 | H7: =SUM($D$2:D7) -> 219652.5
A8: ='Forecasts (Colab)'!A8 -> 46160 | B8: ='Forecasts (Colab)'!B8 -> 235851 | C8: ='Forecasts (Colab)'!E8 -> 209795.75 | D8: =B8-C8 -> 26055.25 | E8: =ABS(D8) -> 26055.25 | F8: =E8/B8 -> 0.11047335 | G8: =D8^2 -> 6.7887605e+08 | H8: =SUM($D$2:D8) -> 245707.75
A9: ='Forecasts (Colab)'!A9 -> 46167 | B9: ='Forecasts (Colab)'!B9 -> 226984 | C9: ='Forecasts (Colab)'!E9 -> 209795.75 | D9: =B9-C9 -> 17188.25 | E9: =ABS(D9) -> 17188.25 | F9: =E9/B9 -> 0.0757245 | G9: =D9^2 -> 2.9543594e+08 | H9: =SUM($D$2:D9) -> 262896
A10: ='Forecasts (Colab)'!A10 -> 46174 | B10: ='Forecasts (Colab)'!B10 -> 228910 | C10: ='Forecasts (Colab)'!E10 -> 209795.75 | D10: =B10-C10 -> 19114.25 | E10: =ABS(D10) -> 19114.25 | F10: =E10/B10 -> 0.083501158 | G10: =D10^2 -> 3.6535455e+08 | H10: =SUM($D$2:D10) -> 282010.25
A11: ='Forecasts (Colab)'!A11 -> 46181 | B11: ='Forecasts (Colab)'!B11 -> 228163 | C11: ='Forecasts (Colab)'!E11 -> 209795.75 | D11: =B11-C11 -> 18367.25 | E11: =ABS(D11) -> 18367.25 | F11: =E11/B11 -> 0.080500563 | G11: =D11^2 -> 3.3735587e+08 | H11: =SUM($D$2:D11) -> 300377.5
A12: ='Forecasts (Colab)'!A12 -> 46188 | B12: ='Forecasts (Colab)'!B12 -> 229601 | C12: ='Forecasts (Colab)'!E12 -> 209795.75 | D12: =B12-C12 -> 19805.25 | E12: =ABS(D12) -> 19805.25 | F12: =E12/B12 -> 0.086259424 | G12: =D12^2 -> 3.9224793e+08 | H12: =SUM($D$2:D12) -> 320182.75
A13: ='Forecasts (Colab)'!A13 -> 46195 | B13: ='Forecasts (Colab)'!B13 -> 233146 | C13: ='Forecasts (Colab)'!E13 -> 209795.75 | D13: =B13-C13 -> 23350.25 | E13: =ABS(D13) -> 23350.25 | F13: =E13/B13 -> 0.10015291 | G13: =D13^2 -> 5.4523418e+08 | H13: =SUM($D$2:D13) -> 343533
A16: MAD | B16: =AVERAGE(E2:E13) -> 28627.75
A17: MAPE | B17: =AVERAGE(F2:F13) -> 0.118218
A18: RMSE | B18: =SQRT(AVERAGE(G2:G13)) -> 30693.174
A19: WAPE | B19: =SUM(E2:E13)/SUM(B2:B13) -> 0.12007101
A20: Bias | B20: =AVERAGE(D2:D13) -> 28627.75
A21: RSFE | B21: =SUM(D2:D13) -> 343533
A22: Tracking Signal | B22: =B21/B16 -> 12

Sheet Seasonal Naive 52w
A1: Week | B1: Actual | C1: Seasonal Naive (52w) | D1: Error | E1: ABS ERROR | F1: %Error | G1: Error^2 | H1: Running RSFE
A2: ='Forecasts (Colab)'!A2 -> 46118 | B2: ='Forecasts (Colab)'!B2 -> 251658 | C2: ='Forecasts (Colab)'!D2 -> 225104 | D2: =B2-C2 -> 26554 | E2: =ABS(D2) -> 26554 | F2: =E2/B2 -> 0.10551622 | G2: =D2^2 -> 705114916 | H2: =SUM($D$2:D2) -> 26554
A3: ='Forecasts (Colab)'!A3 -> 46125 | B3: ='Forecasts (Colab)'!B3 -> 237494 | C3: ='Forecasts (Colab)'!D3 -> 244761 | D3: =B3-C3 -> -7267 | E3: =ABS(D3) -> 7267 | F3: =E3/B3 -> 0.030598668 | G3: =D3^2 -> 52809289 | H3: =SUM($D$2:D3) -> 19287
A4: ='Forecasts (Colab)'!A4 -> 46132 | B4: ='Forecasts (Colab)'!B4 -> 258321 | C4: ='Forecasts (Colab)'!D4 -> 212389 | D4: =B4-C4 -> 45932 | E4: =ABS(D4) -> 45932 | F4: =E4/B4 -> 0.17780978 | G4: =D4^2 -> 2109748624 | H4: =SUM($D$2:D4) -> 65219
A5: ='Forecasts (Colab)'!A5 -> 46139 | B5: ='Forecasts (Colab)'!B5 -> 251383 | C5: ='Forecasts (Colab)'!D5 -> 207401 | D5: =B5-C5 -> 43982 | E5: =ABS(D5) -> 43982 | F5: =E5/B5 -> 0.17496012 | G5: =D5^2 -> 1934416324 | H5: =SUM($D$2:D5) -> 109201
A6: ='Forecasts (Colab)'!A6 -> 46146 | B6: ='Forecasts (Colab)'!B6 -> 251780 | C6: ='Forecasts (Colab)'!D6 -> 217028 | D6: =B6-C6 -> 34752 | E6: =ABS(D6) -> 34752 | F6: =E6/B6 -> 0.13802526 | G6: =D6^2 -> 1207701504 | H6: =SUM($D$2:D6) -> 143953
A7: ='Forecasts (Colab)'!A7 -> 46153 | B7: ='Forecasts (Colab)'!B7 -> 227791 | C7: ='Forecasts (Colab)'!D7 -> 225701 | D7: =B7-C7 -> 2090 | E7: =ABS(D7) -> 2090 | F7: =E7/B7 -> 0.0091750772 | G7: =D7^2 -> 4368100 | H7: =SUM($D$2:D7) -> 146043
A8: ='Forecasts (Colab)'!A8 -> 46160 | B8: ='Forecasts (Colab)'!B8 -> 235851 | C8: ='Forecasts (Colab)'!D8 -> 264702 | D8: =B8-C8 -> -28851 | E8: =ABS(D8) -> 28851 | F8: =E8/B8 -> 0.12232723 | G8: =D8^2 -> 832380201 | H8: =SUM($D$2:D8) -> 117192
A9: ='Forecasts (Colab)'!A9 -> 46167 | B9: ='Forecasts (Colab)'!B9 -> 226984 | C9: ='Forecasts (Colab)'!D9 -> 250106 | D9: =B9-C9 -> -23122 | E9: =ABS(D9) -> 23122 | F9: =E9/B9 -> 0.10186621 | G9: =D9^2 -> 534626884 | H9: =SUM($D$2:D9) -> 94070
A10: ='Forecasts (Colab)'!A10 -> 46174 | B10: ='Forecasts (Colab)'!B10 -> 228910 | C10: ='Forecasts (Colab)'!D10 -> 223922 | D10: =B10-C10 -> 4988 | E10: =ABS(D10) -> 4988 | F10: =E10/B10 -> 0.021790223 | G10: =D10^2 -> 24880144 | H10: =SUM($D$2:D10) -> 99058
A11: ='Forecasts (Colab)'!A11 -> 46181 | B11: ='Forecasts (Colab)'!B11 -> 228163 | C11: ='Forecasts (Colab)'!D11 -> 219537 | D11: =B11-C11 -> 8626 | E11: =ABS(D11) -> 8626 | F11: =E11/B11 -> 0.037806305 | G11: =D11^2 -> 74407876 | H11: =SUM($D$2:D11) -> 107684
A12: ='Forecasts (Colab)'!A12 -> 46188 | B12: ='Forecasts (Colab)'!B12 -> 229601 | C12: ='Forecasts (Colab)'!D12 -> 219614 | D12: =B12-C12 -> 9987 | E12: =ABS(D12) -> 9987 | F12: =E12/B12 -> 0.043497197 | G12: =D12^2 -> 99740169 | H12: =SUM($D$2:D12) -> 117671
A13: ='Forecasts (Colab)'!A13 -> 46195 | B13: ='Forecasts (Colab)'!B13 -> 233146 | C13: ='Forecasts (Colab)'!D13 -> 220538 | D13: =B13-C13 -> 12608 | E13: =ABS(D13) -> 12608 | F13: =E13/B13 -> 0.054077702 | G13: =D13^2 -> 158961664 | H13: =SUM($D$2:D13) -> 130279
A16: MAD | B16: =AVERAGE(E2:E13) -> 20729.917
A17: MAPE | B17: =AVERAGE(F2:F13) -> 0.084787499
A18: RMSE | B18: =SQRT(AVERAGE(G2:G13)) -> 25395.465
A19: WAPE | B19: =SUM(E2:E13)/SUM(B2:B13) -> 0.086945778
A20: Bias | B20: =AVERAGE(D2:D13) -> 10856.583
A21: RSFE | B21: =SUM(D2:D13) -> 130279
A22: Tracking Signal | B22: =B21/B16 -> 6.2845887
